Orthogroup	AJ972879.2	JX100813.1	KJ510414.1	MK473382.1	MK797984.1	NC_000866.4	NC_001604.1	NC_004629.1	NC_005880.2	NC_010326.1	NC_041928.1
OG0000257								gene-PHIKZ_p62			
OG0000258								gene-PHIKZ066			
OG0000259					gene-EST35_0119						
OG0000260	gene-g035										
OG0000261		gene-CbK_gp036									
OG0000262	gene-g356										
OG0000263										gene-PPLUZ19_gp49	
OG0000264					gene-EST35_0461						
OG0000265	gene-g115										
OG0000266			gene-PBI_KAMPY_27								
OG0000267									gene-CPT_phageK_gp059		
OG0000268											gene-FDH45_gp098
OG0000269					gene-EST35_0056						
OG0000270									gene-CPT_phageK_gp208		
OG0000271											gene-FDH45_gp048
OG0000272					gene-EST35_0116						
OG0000273								gene-PHIKZ122			
OG0000274	gene-g344										
OG0000275								gene-PHIKZ260			
OG0000276					gene-EST35_0018						
OG0000277					gene-EST35_0295						
OG0000278										gene-PPLUZ19_gp25.1	
OG0000279						gene-T4p086					
OG0000280	gene-g021										
OG0000281								gene-PHIKZ085			
OG0000282	gene-g272										
OG0000283					gene-EST35_0375						
OG0000284						gene-T4p259					
OG0000285							gene-T7p20				
OG0000286	gene-g235										
OG0000287					gene-EST35_0232						
OG0000288					gene-EST35_0285						
OG0000289						gene-T4p065					
OG0000290					gene-EST35_0281						
OG0000291	gene-g082										
OG0000292								gene-PHIKZ_p81			
OG0000293				gene-JD032_24							
OG0000294		gene-CbK_gp155									
OG0000295	gene-g122										
OG0000296					gene-EST35_0235						
OG0000297					gene-EST35_0336						
OG0000298		gene-CbK_gp183									
OG0000299								gene-PHIKZ130			
OG0000300									gene-CPT_phageK_gp087		
OG0000301				gene-JD032_31							
OG0000302	gene-g044										
OG0000303	gene-g140										
OG0000304						gene-T4p206					
OG0000305		gene-CbK_gp168									
OG0000306		gene-CbK_gp215									
OG0000307								gene-PHIKZ275			
OG0000308										gene-PPLUZ19_gp28	
OG0000309			gene-PBI_KAMPY_8								
OG0000310							gene-T7p03				
OG0000311		gene-CbK_gp242									
OG0000312	gene-g264										
OG0000313										gene-PPLUZ19_gp12.1	
OG0000314	gene-g283										
OG0000315	gene-g191										
OG0000316	gene-g316										
OG0000317								gene-PHIKZ157			
OG0000318								gene-PHIKZ022			
OG0000319											gene-FDH45_gp124
OG0000320								gene-PHIKZ012			
OG0000321			gene-PBI_KAMPY_7								
OG0000322			gene-PBI_KAMPY_77								
OG0000323									gene-CPT_phageK_gp023		
OG0000324								gene-PHIKZ005			
OG0000325	gene-g245										
OG0000326		gene-CbK_gp142									
OG0000327	gene-g123										
OG0000328											gene-FDH45_gp084
OG0000329				gene-JD032_16							
OG0000330					gene-EST35_0084						
OG0000331					gene-EST35_0175						
OG0000332	gene-g100										
OG0000333						gene-T4p008					
OG0000334	gene-g077										
OG0000335	gene-g323										
OG0000336			gene-PBI_KAMPY_69								
OG0000337						gene-T4p274					
OG0000338		gene-CbK_gp078									
OG0000339				gene-JD032_14							
OG0000340					gene-EST35_0405						
OG0000341					gene-EST35_0043						
OG0000342			gene-PBI_KAMPY_80								
OG0000343	gene-g292										
OG0000344	gene-g055										
OG0000345					gene-EST35_0032						
OG0000346			gene-PBI_KAMPY_1								
OG0000347	gene-g045										
OG0000348								gene-PHIKZ048			
OG0000349							gene-T7p34				
OG0000350					gene-EST35_0061						
OG0000351					gene-EST35_0362						
OG0000352	gene-g127										
OG0000353									gene-CPT_phageK_gp077		
OG0000354		gene-CbK_gp129									
OG0000355	gene-g096										
OG0000356				gene-JD032_46							
OG0000357					gene-EST35_0118						
OG0000358						gene-T4p187					
OG0000359					gene-EST35_0067						
OG0000360				gene-JD032_32							
OG0000361								gene-PHIKZ170			
OG0000362								gene-PHIKZ_p84			
OG0000363	gene-g206										
OG0000364	gene-g136										
OG0000365						gene-T4p002					
OG0000366		gene-CbK_gp092									
OG0000367				gene-JD032_6							
OG0000368	gene-g046										
OG0000369		gene-CbK_gp283									
OG0000370							gene-T7p56				
OG0000371		gene-CbK_gp119									
OG0000372						gene-T4p089					
OG0000373								gene-PHIKZ_p05			
OG0000374		gene-CbK_gp185									
OG0000375					gene-EST35_0065						
OG0000376	gene-g228										
OG0000377		gene-CbK_gp219									
OG0000378	gene-g004										
OG0000379		gene-CbK_gp187									
OG0000380	gene-g346										
OG0000381		gene-CbK_gp314									
OG0000382									gene-CPT_phageK_gp096		
OG0000383		gene-CbK_gp251									
OG0000384						gene-T4p110					
OG0000385					gene-EST35_0133						
OG0000386								gene-PHIKZ212			
OG0000387	gene-g128										
OG0000388	gene-g174										
OG0000389		gene-CbK_gp177									
OG0000390	gene-g003										
OG0000391		gene-CbK_gp024									
OG0000392				gene-JD032_34							
OG0000393		gene-CbK_gp163									
OG0000394											gene-FDH45_gp094
OG0000395		gene-CbK_gp104									
OG0000396		gene-CbK_gp105									
OG0000397									gene-CPT_phageK_gp067		
OG0000398		gene-CbK_gp054									
OG0000399								gene-PHIKZ294			
OG0000400							gene-T7p26				
OG0000401				gene-JD032_39							
OG0000402								gene-PHIKZ043			
OG0000403	gene-g005										
OG0000404				gene-JD032_20							
OG0000405					gene-EST35_0366						
OG0000406								gene-PHIKZ244			
OG0000407						gene-T4p074					
OG0000408	gene-g240										
OG0000409								gene-PHIKZ098			
OG0000410					gene-EST35_0039						
OG0000411								gene-PHIKZ202			
OG0000412								gene-PHIKZ_p20			
OG0000413					gene-EST35_0171						
OG0000414										gene-PPLUZ19_gp2	
OG0000415					gene-EST35_0083						
OG0000416								gene-PHIKZ084			
OG0000417	gene-g347										
OG0000418						gene-T4p037					
OG0000419	gene-g285										
OG0000420								gene-PHIKZ195			
OG0000421					gene-EST35_0160						
OG0000422								gene-PHIKZ_p10			
OG0000423	gene-g018										
OG0000424	gene-g237										
OG0000425						gene-T4p245					
OG0000426								gene-PHIKZ243			
OG0000427		gene-CbK_gp106									
OG0000428		gene-CbK_gp271									
OG0000429		gene-CbK_gp159									
OG0000430					gene-EST35_0011						
OG0000431		gene-CbK_gp304									
OG0000432						gene-T4p124					
OG0000433					gene-EST35_0146						
OG0000434								gene-PHIKZ104			
OG0000435						gene-T4p269					
OG0000436				gene-JD032_17							
OG0000437	gene-g105										
OG0000438	gene-g116										
OG0000439		gene-CbK_gp282									
OG0000440	gene-g182										
OG0000441	gene-g249										
OG0000442								gene-PHIKZ028			
OG0000443					gene-EST35_0218						
OG0000444				gene-JD032_37							
OG0000445		gene-CbK_gp131									
OG0000446						gene-T4p111					
OG0000447					gene-EST35_0070						
OG0000448					gene-EST35_0066						
OG0000449											gene-FDH45_gp024
OG0000450											gene-FDH45_gp105
OG0000451					gene-EST35_0360						
OG0000452								gene-PHIKZ241			
OG0000453								gene-PHIKZ262			
OG0000454						gene-T4p151					
OG0000455		gene-CbK_gp070									
OG0000456								gene-PHIKZ190			
OG0000457						gene-T4p256					
OG0000458									gene-CPT_phageK_gp025		
OG0000459			gene-PBI_KAMPY_42								
OG0000460								gene-PHIKZ100			
OG0000461						gene-T4p137					
OG0000462			gene-PBI_KAMPY_21								
OG0000463					gene-EST35_0110						
OG0000464								gene-PHIKZ014			
OG0000465						gene-T4p052					
OG0000466						gene-T4p117					
OG0000467					gene-EST35_0341						
OG0000468						gene-T4p128					
OG0000469							gene-T7p01				
OG0000470					gene-EST35_0419						
OG0000471	gene-g125										
OG0000472					gene-EST35_0410						
OG0000473							gene-T7p16				
OG0000474		gene-CbK_gp191									
OG0000475								gene-PHIKZ030			
OG0000476						gene-T4p273					
OG0000477						gene-T4p003					
OG0000478	gene-g074										
OG0000479								gene-PHIKZ201			
OG0000480	gene-g001										
OG0000481										gene-PPLUZ19_gp35	
OG0000482	gene-g056										
OG0000483		gene-CbK_gp287									
OG0000484	gene-g248										
OG0000485					gene-EST35_0399						
OG0000486	gene-g144										
OG0000487	gene-g277										
OG0000488								gene-PHIKZ001			
OG0000489		gene-CbK_gp156									
OG0000490										gene-PPLUZ19_gp15	
OG0000491		gene-CbK_gp186									
OG0000492								gene-PHIKZ205			
OG0000493					gene-EST35_0080						
OG0000494	gene-g062										
OG0000495		gene-CbK_gp122									
OG0000496								gene-PHIKZ256			
OG0000497					gene-EST35_0192						
OG0000498	gene-g119										
OG0000499						gene-T4p095					
OG0000500								gene-PHIKZ_p43			
OG0000501	gene-g166										
OG0000502		gene-CbK_gp172									
OG0000503		gene-CbK_gp133									
OG0000504	gene-g184										
OG0000505					gene-EST35_0306						
OG0000506											gene-FDH45_gp146
OG0000507	gene-g220										
OG0000508		gene-CbK_gp150									
OG0000509		gene-CbK_gp135									
OG0000510											gene-FDH45_gp160
OG0000511			gene-PBI_KAMPY_85								
OG0000512								gene-PHIKZ116			
OG0000513							gene-T7p13				
OG0000514			gene-PBI_KAMPY_87								
OG0000515								gene-PHIKZ_p83			
OG0000516								gene-PHIKZ_p70			
OG0000517								gene-PHIKZ177			
OG0000518			gene-PBI_KAMPY_10								
OG0000519								gene-PHIKZ037			
OG0000520		gene-CbK_gp290									
OG0000521						gene-T4p263					
OG0000522		gene-CbK_gp125									
OG0000523								gene-PHIKZ_p61			
OG0000524	gene-g050										
OG0000525					gene-EST35_0012						
OG0000526								gene-PHIKZ232			
OG0000527						gene-T4p196					
OG0000528			gene-PBI_KAMPY_31								
OG0000529								gene-PHIKZ138			
OG0000530	gene-g114										
OG0000531						gene-T4p028					
OG0000532					gene-EST35_0384						
OG0000533		gene-CbK_gp063									
OG0000534								gene-PHIKZ_p33			
OG0000535					gene-EST35_0239						
OG0000536									gene-CPT_phageK_gp085		
OG0000537		gene-CbK_gp068									
OG0000538		gene-CbK_gp039									
OG0000539						gene-T4p241					
OG0000540									gene-CPT_phageK_gp221		
OG0000541					gene-EST35_0108						
OG0000542					gene-EST35_0087						
OG0000543		gene-CbK_gp053									
OG0000544									gene-CPT_phageK_gp027		
OG0000545							gene-T7p43				
OG0000546	gene-g130										
OG0000547								gene-PHIKZ019			
OG0000548								gene-PHIKZ222			
OG0000549		gene-CbK_gp244									
OG0000550		gene-CbK_gp035									
OG0000551		gene-CbK_gp267									
OG0000552	gene-g076										
OG0000553						gene-T4p220					
OG0000554					gene-EST35_0447						
OG0000555								gene-PHIKZ265			
OG0000556		gene-CbK_gp120									
OG0000557					gene-EST35_0430						
OG0000558			gene-PBI_KAMPY_15								
OG0000559				gene-JD032_1							
OG0000560								gene-PHIKZ_p75			
OG0000561	gene-g200										
OG0000562						gene-T4p146					
OG0000563											gene-FDH45_gp122
OG0000564					gene-EST35_0308						
OG0000565					gene-EST35_0389						
OG0000566					gene-EST35_0289						
OG0000567		gene-CbK_gp210									
OG0000568		gene-CbK_gp143									
OG0000569										gene-PPLUZ19_gp38	
OG0000570					gene-EST35_0309						
OG0000571						gene-T4p203					
OG0000572	gene-g073										
OG0000573		gene-CbK_gp057									
OG0000574								gene-PHIKZ088			
OG0000575	gene-g279										
OG0000576						gene-T4p141					
OG0000577		gene-CbK_gp258									
OG0000578	gene-g025										
OG0000579								gene-PHIKZ031			
OG0000580		gene-CbK_gp238									
OG0000581										gene-PPLUZ19_gp11	
OG0000582	gene-g066										
OG0000583						gene-T4p118					
OG0000584								gene-PHIKZ204			
OG0000585					gene-EST35_0454						
OG0000586				gene-JD032_11							
OG0000587					gene-EST35_0330						
OG0000588		gene-CbK_gp098									
OG0000589						gene-T4p258					
OG0000590								gene-PHIKZ119			
OG0000591						gene-T4p105					
OG0000592	gene-g013										
OG0000593								gene-PHIKZ_p03			
OG0000594		gene-CbK_gp136									
OG0000595		gene-CbK_gp144									
OG0000596	gene-g124										
OG0000597					gene-EST35_0431						
OG0000598								gene-PHIKZ251			
OG0000599					gene-EST35_0363						
OG0000600								gene-PHIKZ259			
OG0000601								gene-PHIKZ_p47			
OG0000602					gene-EST35_0092						
OG0000603										gene-PPLUZ19_gp31	
OG0000604								gene-PHIKZ108			
OG0000605				gene-JD032_21							
OG0000606						gene-T4p022					
OG0000607								gene-PHIKZ_p36			
OG0000608							gene-T7p60				
OG0000609					gene-EST35_0241						
OG0000610								gene-PHIKZ008			
OG0000611									gene-CPT_phageK_gp122		
OG0000612								gene-PHIKZ_p31			
OG0000613			gene-PBI_KAMPY_12								
OG0000614								gene-PHIKZ062			
OG0000615		gene-CbK_gp310									
OG0000616					gene-EST35_0429						
OG0000617					gene-EST35_0059						
OG0000618					gene-EST35_0049						
OG0000619										gene-PPLUZ19_gp40	
OG0000620					gene-EST35_0183						
OG0000621		gene-CbK_gp289									
OG0000622					gene-EST35_0226						
OG0000623	gene-g036										
OG0000624	gene-g133										
OG0000625	gene-g361										
OG0000626					gene-EST35_0220						
OG0000627				gene-JD032_9							
OG0000628		gene-CbK_gp037									
OG0000629						gene-T4p131					
OG0000630											gene-FDH45_gp156
OG0000631					gene-EST35_0129						
OG0000632					gene-EST35_0136						
OG0000633	gene-g071										
OG0000634	gene-g132										
OG0000635	gene-g351										
OG0000636						gene-T4p077					
OG0000637					gene-EST35_0105						
OG0000638		gene-CbK_gp234									
OG0000639								gene-PHIKZ240			
OG0000640									gene-CPT_phageK_gp075		
OG0000641		gene-CbK_gp052									
OG0000642						gene-T4p227					
OG0000643	gene-g353										
OG0000644								gene-PHIKZ148			
OG0000645	gene-g218										
OG0000646		gene-CbK_gp212									
OG0000647								gene-PHIKZ_p28			
OG0000648		gene-CbK_gp223									
OG0000649				gene-JD032_48							
OG0000650								gene-PHIKZ_p37			
OG0000651											gene-FDH45_gp132
OG0000652									gene-CPT_phageK_gp181		
OG0000653		gene-CbK_gp074									
OG0000654		gene-CbK_gp217									
OG0000655		gene-CbK_gp113									
OG0000656									gene-CPT_phageK_gp229		
OG0000657						gene-T4p081					
OG0000658					gene-EST35_0209						
OG0000659					gene-EST35_0109						
OG0000660			gene-PBI_KAMPY_81								
OG0000661					gene-EST35_0001						
OG0000662		gene-CbK_gp087									
OG0000663		gene-CbK_gp034									
OG0000664	gene-g054										
OG0000665						gene-T4p004					
OG0000666									gene-CPT_phageK_gp211		
OG0000667	gene-g337										
OG0000668					gene-EST35_0242						
OG0000669					gene-EST35_0423						
OG0000670								gene-PHIKZ011			
OG0000671					gene-EST35_0095						
OG0000672	gene-g296										
OG0000673								gene-PHIKZ253			
OG0000674		gene-CbK_gp166									
OG0000675										gene-PPLUZ19_gp42	
OG0000676					gene-EST35_0238						
OG0000677						gene-T4p049					
OG0000678					gene-EST35_0352						
OG0000679									gene-CPT_phageK_gp224		
OG0000680						gene-T4p253					
OG0000681					gene-EST35_0142						
OG0000682						gene-T4p147					
OG0000683		gene-CbK_gp232									
OG0000684								gene-PHIKZ267			
OG0000685					gene-EST35_0174						
OG0000686	gene-g041										
OG0000687					gene-EST35_0303						
OG0000688									gene-CPT_phageK_gp089		
OG0000689	gene-g253										
OG0000690							gene-T7p48				
OG0000691					gene-EST35_0181						
OG0000692	gene-g057										
OG0000693		gene-CbK_gp148									
OG0000694		gene-CbK_gp208									
OG0000695			gene-PBI_KAMPY_35								
OG0000696								gene-PHIKZ226			
OG0000697						gene-T4p035					
OG0000698	gene-g358										
OG0000699						gene-T4p207					
OG0000700								gene-PHIKZ141			
OG0000701					gene-EST35_0310						
OG0000702				gene-JD032_43							
OG0000703					gene-EST35_0448						
OG0000704								gene-PHIKZ045			
OG0000705						gene-T4p171					
OG0000706								gene-PHIKZ281			
OG0000707			gene-PBI_KAMPY_68								
OG0000708					gene-EST35_0262						
OG0000709						gene-T4p059					
OG0000710	gene-g219										
OG0000711					gene-EST35_0113						
OG0000712						gene-T4p211					
OG0000713						gene-T4p156					
OG0000714					gene-EST35_0019						
OG0000715						gene-T4p031					
OG0000716			gene-PBI_KAMPY_13								
OG0000717									gene-CPT_phageK_gp109		
OG0000718					gene-EST35_0371						
OG0000719									gene-CPT_phageK_gp062		
OG0000720	gene-g169										
OG0000721						gene-T4p180					
OG0000722			gene-PBI_KAMPY_38								
OG0000723				gene-JD032_42							
OG0000724									gene-CPT_phageK_gp058		
OG0000725					gene-EST35_0420						
OG0000726						gene-T4p091					
OG0000727					gene-EST35_0216						
OG0000728				gene-JD032_15							
OG0000729				gene-JD032_12							
OG0000730		gene-CbK_gp026									
OG0000731					gene-EST35_0017						
OG0000732								gene-PHIKZ227			
OG0000733		gene-CbK_gp222									
OG0000734	gene-g343										
OG0000735			gene-PBI_KAMPY_17								
OG0000736					gene-EST35_0453						
OG0000737								gene-PHIKZ_p80			
OG0000738								gene-PHIKZ191			
OG0000739					gene-EST35_0178						
OG0000740					gene-EST35_0050						
OG0000741					gene-EST35_0041						
OG0000742							gene-T7p27				
OG0000743	gene-g014										
OG0000744								gene-PHIKZ018			
OG0000745								gene-PHIKZ277			
OG0000746						gene-T4p093					
OG0000747								gene-PHIKZ021			
OG0000748					gene-EST35_0280						
OG0000749			gene-PBI_KAMPY_18								
OG0000750								gene-PHIKZ_p89			
OG0000751		gene-CbK_gp073									
OG0000752		gene-CbK_gp302									
OG0000753								gene-PHIKZ_p17			
OG0000754					gene-EST35_0345						
OG0000755	gene-g157										
OG0000756						gene-T4p100					
OG0000757								gene-PHIKZ_p79			
OG0000758								gene-PHIKZ038			
OG0000759					gene-EST35_0144						
OG0000760		gene-CbK_gp240									
OG0000761		gene-CbK_gp060									
OG0000762					gene-EST35_0299						
OG0000763									gene-CPT_phageK_gp228		
OG0000764									gene-CPT_phageK_gp222		
OG0000765											gene-FDH45_gp123
OG0000766								gene-PHIKZ_p12			
OG0000767		gene-CbK_gp167									
OG0000768			gene-PBI_KAMPY_9								
OG0000769								gene-PHIKZ_p72			
OG0000770					gene-EST35_0229						
OG0000771	gene-g349										
OG0000772									gene-CPT_phageK_gp226		
OG0000773					gene-EST35_0328						
OG0000774					gene-EST35_0276						
OG0000775	gene-g332										
OG0000776					gene-EST35_0030						
OG0000777									gene-CPT_phageK_gp124		
OG0000778								gene-PHIKZ147			
OG0000779								gene-PHIKZ_p88			
OG0000780						gene-T4p270					
OG0000781					gene-EST35_0354						
OG0000782					gene-EST35_0020						
OG0000783								gene-PHIKZ_p45			
OG0000784			gene-PBI_KAMPY_16								
OG0000785	gene-g355										
OG0000786		gene-CbK_gp221									
OG0000787										gene-PPLUZ19_gp1	
OG0000788								gene-PHIKZ_p30			
OG0000789					gene-EST35_0438						
OG0000790								gene-PHIKZ_p69			
OG0000791		gene-CbK_gp103									
OG0000792					gene-EST35_0093						
OG0000793								gene-PHIKZ200			
OG0000794								gene-PHIKZ_p41			
OG0000795					gene-EST35_0205						
OG0000796					gene-EST35_0387						
OG0000797					gene-EST35_0338						
OG0000798								gene-PHIKZ010			
OG0000799								gene-PHIKZ302			
OG0000800		gene-CbK_gp184									
OG0000801	gene-g291										
OG0000802			gene-PBI_KAMPY_62								
OG0000803								gene-PHIKZ078			
OG0000804	gene-g359										
OG0000805		gene-CbK_gp275									
OG0000806								gene-PHIKZ_p07			
OG0000807		gene-CbK_gp051									
OG0000808								gene-PHIKZ_p11			
OG0000809		gene-CbK_gp058									
OG0000810	gene-g339										
OG0000811	gene-g108										
OG0000812					gene-EST35_0180						
OG0000813					gene-EST35_0443						
OG0000814					gene-EST35_0122						
OG0000815	gene-g006										
OG0000816						gene-T4p012					
OG0000817		gene-CbK_gp114									
OG0000818							gene-T7p25				
OG0000819		gene-CbK_gp206									
OG0000820		gene-CbK_gp277									
OG0000821		gene-CbK_gp246									
OG0000822					gene-EST35_0212						
OG0000823		gene-CbK_gp042									
OG0000824					gene-EST35_0350						
OG0000825								gene-PHIKZ167			
OG0000826					gene-EST35_0128						
OG0000827	gene-g156										
OG0000828					gene-EST35_0446						
OG0000829										gene-PPLUZ19_gp22	
OG0000830			gene-PBI_KAMPY_19								
OG0000831		gene-CbK_gp127									
OG0000832				gene-JD032_28							
OG0000833								gene-PHIKZ059			
OG0000834								gene-PHIKZ284			
OG0000835						gene-T4p120					
OG0000836								gene-PHIKZ290			
OG0000837										gene-PPLUZ19_gp46	
OG0000838	gene-g190										
OG0000839						gene-T4p085					
OG0000840						gene-T4p133					
OG0000841							gene-T7p51				
OG0000842								gene-PHIKZ128			
OG0000843			gene-PBI_KAMPY_11								
OG0000844	gene-g043										
OG0000845						gene-T4p255					
OG0000846								gene-PHIKZ193			
OG0000847										gene-PPLUZ19_gp6	
OG0000848		gene-CbK_gp260									
OG0000849		gene-CbK_gp230									
OG0000850								gene-PHIKZ263			
OG0000851					gene-EST35_0314						
OG0000852	gene-g255										
OG0000853					gene-EST35_0111						
OG0000854	gene-g307										
OG0000855										gene-PPLUZ19_gp25	
OG0000856		gene-CbK_gp268									
OG0000857								gene-PHIKZ197			
OG0000858								gene-PHIKZ176			
OG0000859		gene-CbK_gp316									
OG0000860					gene-EST35_0411						
OG0000861								gene-PHIKZ003			
OG0000862						gene-T4p140					
OG0000863								gene-PHIKZ_p44			
OG0000864	gene-g365										
OG0000865					gene-EST35_0015						
OG0000866								gene-PHIKZ046			
OG0000867											gene-FDH45_gp197
OG0000868					gene-EST35_0197						
OG0000869	gene-g042										
OG0000870					gene-EST35_0344						
OG0000871						gene-T4p113					
OG0000872						gene-T4p136					
OG0000873		gene-CbK_gp141									
OG0000874			gene-PBI_KAMPY_51								
OG0000875						gene-T4p170					
OG0000876							gene-T7p30				
OG0000877					gene-EST35_0182						
OG0000878	gene-g092										
OG0000879					gene-EST35_0135						
OG0000880					gene-EST35_0365						
OG0000881		gene-CbK_gp278									
OG0000882		gene-CbK_gp158									
OG0000883					gene-EST35_0188						
OG0000884						gene-T4p122					
OG0000885						gene-T4p062					
OG0000886					gene-EST35_0332						
OG0000887								gene-PHIKZ150			
OG0000888		gene-CbK_gp151									
OG0000889							gene-T7p49				
OG0000890		gene-CbK_gp147									
OG0000891									gene-CPT_phageK_gp079		
OG0000892											gene-FDH45_gp106
OG0000893		gene-CbK_gp266									
OG0000894						gene-T4p145					
OG0000895		gene-CbK_gp188									
OG0000896					gene-EST35_0048						
OG0000897						gene-T4p265					
OG0000898		gene-CbK_gp317									
OG0000899							gene-T7p28				
OG0000900								gene-PHIKZ049			
OG0000901						gene-T4p240					
OG0000902					gene-EST35_0259						
OG0000903			gene-PBI_KAMPY_28								
OG0000904								gene-PHIKZ061			
OG0000905						gene-T4p266					
OG0000906							gene-T7p50				
OG0000907	gene-g238										
OG0000908						gene-T4p182					
OG0000909						gene-T4p130					
OG0000910					gene-EST35_0134						
OG0000911	gene-g192										
OG0000912		gene-CbK_gp088									
OG0000913					gene-EST35_0324						
OG0000914	gene-g153										
OG0000915						gene-T4p024					
OG0000916					gene-EST35_0441						
OG0000917										gene-PPLUZ19_gp21	
OG0000918	gene-g031										
OG0000919						gene-T4p134					
OG0000920					gene-EST35_0161						
OG0000921					gene-EST35_0449						
OG0000922					gene-EST35_0016						
OG0000923								gene-PHIKZ254			
OG0000924	gene-g186										
OG0000925		gene-CbK_gp076									
OG0000926			gene-PBI_KAMPY_67								
OG0000927						gene-T4p044					
OG0000928					gene-EST35_0351						
OG0000929					gene-EST35_0451						
OG0000930		gene-CbK_gp160									
OG0000931		gene-CbK_gp288									
OG0000932						gene-T4p174					
OG0000933						gene-T4p023					
OG0000934	gene-g236										
OG0000935								gene-PHIKZ_p50			
OG0000936					gene-EST35_0073						
OG0000937					gene-EST35_0079						
OG0000938	gene-g246										
OG0000939		gene-CbK_gp027									
OG0000940								gene-PHIKZ070			
OG0000941					gene-EST35_0107						
OG0000942	gene-g233										
OG0000943								gene-PHIKZ301			
OG0000944								gene-PHIKZ_p56			
OG0000945					gene-EST35_0026						
OG0000946						gene-T4p090					
OG0000947						gene-T4p076					
OG0000948		gene-CbK_gp218									
OG0000949						gene-T4p186					
OG0000950			gene-PBI_KAMPY_54								
OG0000951	gene-g227										
OG0000952	gene-g160										
OG0000953								gene-PHIKZ_p09			
OG0000954				gene-JD032_40							
OG0000955								gene-PHIKZ033			
OG0000956									gene-CPT_phageK_gp091		
OG0000957								gene-PHIKZ054			
OG0000958			gene-PBI_KAMPY_59								
OG0000959	gene-g201										
OG0000960											gene-FDH45_gp102
OG0000961		gene-CbK_gp203									
OG0000962								gene-PHIKZ_p42			
OG0000963								gene-PHIKZ123			
OG0000964									gene-CPT_phageK_gp081		
OG0000965		gene-CbK_gp049									
OG0000966		gene-CbK_gp273									
OG0000967								gene-PHIKZ224			
OG0000968		gene-CbK_gp194									
OG0000969								gene-PHIKZ_p55			
OG0000970	gene-g090										
OG0000971	gene-g209										
OG0000972			gene-PBI_KAMPY_20								
OG0000973					gene-EST35_0231						
OG0000974											gene-FDH45_gp049
OG0000975					gene-EST35_0315						
OG0000976		gene-CbK_gp269									
OG0000977						gene-T4p244					
OG0000978									gene-CPT_phageK_gp055		
OG0000979			gene-PBI_KAMPY_29								
OG0000980									gene-CPT_phageK_gp069		
OG0000981		gene-CbK_gp075									
OG0000982								gene-PHIKZ_p73			
OG0000983		gene-CbK_gp299									
OG0000984	gene-g284										
OG0000985			gene-PBI_KAMPY_44								
OG0000986						gene-T4p268					
OG0000987									gene-CPT_phageK_gp057		
OG0000988					gene-EST35_0379						
OG0000989						gene-T4p009					
OG0000990				gene-JD032_10							
OG0000991								gene-PHIKZ027			
OG0000992		gene-CbK_gp204									
OG0000993											gene-FDH45_gp110
OG0000994	gene-g131										
OG0000995	gene-g302										
OG0000996	gene-g363										
OG0000997						gene-T4p082					
OG0000998		gene-CbK_gp279									
OG0000999						gene-T4p250					
OG0001000						gene-T4p058					
OG0001001	gene-g088										
OG0001002								gene-PHIKZ303			
OG0001003								gene-PHIKZ097			
OG0001004								gene-PHIKZ291			
OG0001005					gene-EST35_0392						
OG0001006								gene-PHIKZ153			
OG0001007						gene-T4p267					
OG0001008	gene-g027										
OG0001009			gene-PBI_KAMPY_32								
OG0001010		gene-CbK_gp250									
OG0001011						gene-T4p018					
OG0001012					gene-EST35_0323						
OG0001013						gene-T4p007					
OG0001014					gene-EST35_0126						
OG0001015		gene-CbK_gp197									
OG0001016					gene-EST35_0190						
OG0001017		gene-CbK_gp231									
OG0001018			gene-PBI_KAMPY_66								
OG0001019					gene-EST35_0131						
OG0001020					gene-EST35_0185						
OG0001021		gene-CbK_gp079									
OG0001022	gene-g262										
OG0001023	gene-g295										
OG0001024						gene-T4p121					
OG0001025	gene-g222										
OG0001026						gene-T4p114					
OG0001027		gene-CbK_gp050									
OG0001028								gene-PHIKZ274			
OG0001029									gene-CPT_phageK_gp095		
OG0001030						gene-T4p276					
OG0001031	gene-g322										
OG0001032		gene-CbK_gp245									
OG0001033	gene-g321										
OG0001034			gene-PBI_KAMPY_86								
OG0001035					gene-EST35_0014						
OG0001036	gene-g012										
OG0001037							gene-T7p38				
OG0001038								gene-PHIKZ127			
OG0001039											gene-FDH45_gp100
OG0001040								gene-PHIKZ233			
OG0001041			gene-PBI_KAMPY_56								
OG0001042		gene-CbK_gp253									
OG0001043											gene-FDH45_gp135
OG0001044								gene-PHIKZ103			
OG0001045	gene-g242										
OG0001046						gene-T4p087					
OG0001047								gene-PHIKZ298			
OG0001048						gene-T4p261					
OG0001049	gene-g086										
OG0001050		gene-CbK_gp023									
OG0001051		gene-CbK_gp308									
OG0001052					gene-EST35_0318						
OG0001053		gene-CbK_gp254									
OG0001054					gene-EST35_0369						
OG0001055									gene-CPT_phageK_gp024		
OG0001056					gene-EST35_0331						
OG0001057					gene-EST35_0440						
OG0001058											gene-FDH45_gp138
OG0001059					gene-EST35_0081						
OG0001060								gene-PHIKZ162			
OG0001061		gene-CbK_gp044									
OG0001062								gene-PHIKZ194			
OG0001063									gene-CPT_phageK_gp220		
OG0001064	gene-g326										
OG0001065					gene-EST35_0320						
OG0001066		gene-CbK_gp178									
OG0001067					gene-EST35_0148						
OG0001068					gene-EST35_0439						
OG0001069	gene-g338										
OG0001070		gene-CbK_gp045									
OG0001071	gene-g187										
OG0001072								gene-PHIKZ_p60			
OG0001073							gene-T7p54				
OG0001074						gene-T4p257					
OG0001075								gene-PHIKZ218			
OG0001076											gene-FDH45_gp112
OG0001077				gene-JD032_54							
OG0001078								gene-PHIKZ169			
OG0001079						gene-T4p138					
OG0001080					gene-EST35_0112						
OG0001081								gene-PHIKZ_p59			
OG0001082	gene-g232										
OG0001083					gene-EST35_0382						
OG0001084								gene-PHIKZ_p18			
OG0001085								gene-PHIKZ289			
OG0001086										gene-PPLUZ19_gp45	
OG0001087								gene-PHIKZ188			
OG0001088					gene-EST35_0424						
OG0001089						gene-T4p014					
OG0001090				gene-JD032_22							
OG0001091		gene-CbK_gp157									
OG0001092								gene-PHIKZ269			
OG0001093								gene-PHIKZ_p14			
OG0001094						gene-T4p218					
OG0001095							gene-T7p55				
OG0001096											gene-FDH45_gp159
OG0001097	gene-g121										
OG0001098				gene-JD032_23							
OG0001099								gene-PHIKZ_p64			
OG0001100	gene-g106										
OG0001101		gene-CbK_gp072									
OG0001102								gene-PHIKZ035			
OG0001103								gene-PHIKZ139			
OG0001104	gene-g148										
OG0001105										gene-PPLUZ19_gp24	
OG0001106	gene-g205										
OG0001107	gene-g193										
OG0001108	gene-g194										
OG0001109			gene-PBI_KAMPY_53								
OG0001110	gene-g023										
OG0001111					gene-EST35_0252						
OG0001112						gene-T4p070					
OG0001113	gene-g026										
OG0001114					gene-EST35_0361						
OG0001115	gene-g357										
OG0001116	gene-g093										
OG0001117	gene-g126										
OG0001118	gene-g247										
OG0001119		gene-CbK_gp061									
OG0001120	gene-g139										
OG0001121					gene-EST35_0296						
OG0001122								gene-PHIKZ069			
OG0001123	gene-g052										
OG0001124					gene-EST35_0072						
OG0001125											gene-FDH45_gp121
OG0001126		gene-CbK_gp174									
OG0001127					gene-EST35_0275						
OG0001128								gene-PHIKZ_p52			
OG0001129					gene-EST35_0316						
OG0001130		gene-CbK_gp033									
OG0001131	gene-g202										
OG0001132		gene-CbK_gp029									
OG0001133						gene-T4p106					
OG0001134							gene-T7p15				
OG0001135		gene-CbK_gp081									
OG0001136	gene-g331										
OG0001137								gene-PHIKZ283			
OG0001138	gene-g270										
OG0001139									gene-CPT_phageK_gp071		
OG0001140	gene-g267										
OG0001141	gene-g051										
OG0001142								gene-PHIKZ252			
OG0001143						gene-T4p160					
OG0001144			gene-PBI_KAMPY_2								
OG0001145								gene-PHIKZ268			
OG0001146	gene-g155										
OG0001147					gene-EST35_0013						
OG0001148						gene-T4p215					
OG0001149						gene-T4p064					
OG0001150		gene-CbK_gp096									
OG0001151					gene-EST35_0063						
OG0001152		gene-CbK_gp115									
OG0001153		gene-CbK_gp031									
OG0001154								gene-PHIKZ272			
OG0001155	gene-g198										
OG0001156					gene-EST35_0075						
OG0001157											gene-FDH45_gp153
OG0001158	gene-g348										
OG0001159					gene-EST35_0373						
OG0001160	gene-g217										
OG0001161	gene-g315										
OG0001162					gene-EST35_0334						
OG0001163					gene-EST35_0367						
OG0001164						gene-T4p125					
OG0001165								gene-PHIKZ171			
OG0001166											gene-FDH45_gp139
OG0001167		gene-CbK_gp107									
OG0001168		gene-CbK_gp030									
OG0001169	gene-g366										
OG0001170		gene-CbK_gp274									
OG0001171					gene-EST35_0208						
OG0001172	gene-g314										
OG0001173					gene-EST35_0127						
OG0001174								gene-PHIKZ_p57			
OG0001175										gene-PPLUZ19_gp4	
OG0001176		gene-CbK_gp225									
OG0001177								gene-PHIKZ007			
OG0001178								gene-PHIKZ_p77			
OG0001179		gene-CbK_gp237									
OG0001180											gene-FDH45_gp161
OG0001181									gene-CPT_phageK_gp196		
OG0001182											gene-FDH45_gp158
OG0001183						gene-T4p119					
OG0001184								gene-PHIKZ017			
OG0001185											gene-FDH45_gp114
OG0001186	gene-g226										
OG0001187									gene-CPT_phageK_gp162		
OG0001188		gene-CbK_gp170									
OG0001189	gene-g111										
OG0001190							gene-T7p12				
OG0001191	gene-g215										
OG0001192	gene-g299										
OG0001193						gene-T4p026					
OG0001194								gene-PHIKZ064			
OG0001195					gene-EST35_0358						
OG0001196								gene-PHIKZ121			
OG0001197	gene-g134										
OG0001198			gene-PBI_KAMPY_82								
OG0001199							gene-T7p40				
OG0001200					gene-EST35_0234						
OG0001201					gene-EST35_0273						
OG0001202								gene-PHIKZ_p68			
OG0001203	gene-g269										
OG0001204					gene-EST35_0404						
OG0001205								gene-PHIKZ077			
OG0001206	gene-g048										
OG0001207								gene-PHIKZ_p76			
OG0001208	gene-g319										
OG0001209									gene-CPT_phageK_gp213		
OG0001210		gene-CbK_gp116									
OG0001211					gene-EST35_0090						
OG0001212								gene-PHIKZ_p01			
OG0001213				gene-JD032_49							
OG0001214					gene-EST35_0101						
OG0001215								gene-PHIKZ158			
OG0001216							gene-T7p11				
OG0001217				gene-JD032_47							
OG0001218		gene-CbK_gp265									
OG0001219						gene-T4p143					
OG0001220								gene-PHIKZ_p46			
OG0001221					gene-EST35_0426						
OG0001222					gene-EST35_0415						
OG0001223								gene-PHIKZ_p21			
OG0001224											gene-FDH45_gp126
OG0001225	gene-g158										
OG0001226									gene-CPT_phageK_gp187		
OG0001227	gene-g241										
OG0001228										gene-PPLUZ19_gp39	
OG0001229		gene-CbK_gp233									
OG0001230		gene-CbK_gp259									
OG0001231								gene-PHIKZ175			
OG0001232					gene-EST35_0428						
OG0001233							gene-T7p35				
OG0001234									gene-CPT_phageK_gp179		
OG0001235		gene-CbK_gp297									
OG0001236		gene-CbK_gp084									
OG0001237		gene-CbK_gp249									
OG0001238						gene-T4p097					
OG0001239											gene-FDH45_gp096
OG0001240			gene-PBI_KAMPY_74								
OG0001241								gene-PHIKZ_p58			
OG0001242					gene-EST35_0060						
OG0001243					gene-EST35_0040						
OG0001244					gene-EST35_0147						
OG0001245					gene-EST35_0042						
OG0001246								gene-PHIKZ237			
OG0001247								gene-PHIKZ101			
OG0001248						gene-T4p027					
OG0001249						gene-T4p071					
OG0001250		gene-CbK_gp038									
OG0001251						gene-T4p073					
OG0001252										gene-PPLUZ19_gp3	
OG0001253					gene-EST35_0033						
OG0001254			gene-PBI_KAMPY_79								
OG0001255					gene-EST35_0120						
OG0001256	gene-g017										
OG0001257					gene-EST35_0143						
OG0001258	gene-g172										
OG0001259	gene-g208										
OG0001260					gene-EST35_0256						
OG0001261								gene-PHIKZ215			
OG0001262	gene-g216										
OG0001263	gene-g080										
OG0001264								gene-PHIKZ248			
OG0001265								gene-PHIKZ185			
OG0001266								gene-PHIKZ_p22			
OG0001267	gene-g167										
OG0001268								gene-PHIKZ236			
OG0001269									gene-CPT_phageK_gp215		
OG0001270	gene-g281										
OG0001271	gene-g175										
OG0001272		gene-CbK_gp315									
OG0001273					gene-EST35_0228						
OG0001274								gene-PHIKZ051			
OG0001275		gene-CbK_gp071									
OG0001276		gene-CbK_gp298									
OG0001277	gene-g072										
OG0001278								gene-PHIKZ228			
OG0001279						gene-T4p102					
OG0001280			gene-PBI_KAMPY_3								
OG0001281								gene-PHIKZ083			
OG0001282						gene-T4p231					
OG0001283	gene-g095										
OG0001284		gene-CbK_gp128									
OG0001285	gene-g251										
OG0001286											gene-FDH45_gp190
OG0001287					gene-EST35_0246						
OG0001288									gene-CPT_phageK_gp028		
OG0001289						gene-T4p099					
OG0001290											gene-FDH45_gp119
OG0001291	gene-g010										
OG0001292						gene-T4p178					
OG0001293					gene-EST35_0421						
OG0001294						gene-T4p197					
OG0001295							gene-T7p36				
OG0001296								gene-PHIKZ216			
OG0001297						gene-T4p193					
OG0001298						gene-T4p229					
OG0001299								gene-PHIKZ186			
OG0001300					gene-EST35_0288						
OG0001301	gene-g120										
OG0001302					gene-EST35_0172						
OG0001303						gene-T4p179					
OG0001304					gene-EST35_0437						
OG0001305						gene-T4p011					
OG0001306								gene-PHIKZ299			
OG0001307				gene-JD032_52							
OG0001308		gene-CbK_gp193									
OG0001309					gene-EST35_0029						
OG0001310						gene-T4p195					
OG0001311		gene-CbK_gp281									
OG0001312					gene-EST35_0370						
OG0001313	gene-g007										
OG0001314		gene-CbK_gp285									
OG0001315	gene-g075										
OG0001316								gene-PHIKZ053			
OG0001317								gene-PHIKZ166			
OG0001318					gene-EST35_0329						
OG0001319			gene-PBI_KAMPY_4								
OG0001320		gene-CbK_gp025									
OG0001321					gene-EST35_0137						
OG0001322					gene-EST35_0322						
OG0001323								gene-PHIKZ002			
OG0001324									gene-CPT_phageK_gp088		
OG0001325		gene-CbK_gp181									
OG0001326	gene-g098										
OG0001327					gene-EST35_0400						
OG0001328		gene-CbK_gp261									
OG0001329	gene-g173										
OG0001330		gene-CbK_gp284									
OG0001331						gene-T4p224					
OG0001332								gene-PHIKZ_p24			
OG0001333	gene-g032										
OG0001334					gene-EST35_0153						
OG0001335			gene-PBI_KAMPY_30								
OG0001336					gene-EST35_0386						
OG0001337								gene-PHIKZ_p82			
OG0001338						gene-T4p262					
OG0001339	gene-g212										
OG0001340		gene-CbK_gp195									
OG0001341						gene-T4p040					
OG0001342								gene-PHIKZ203			
OG0001343					gene-EST35_0027						
OG0001344											gene-FDH45_gp103
OG0001345							gene-T7p59				
OG0001346			gene-PBI_KAMPY_5								
OG0001347	gene-g152										
OG0001348					gene-EST35_0044						
OG0001349					gene-EST35_0069						
OG0001350								gene-PHIKZ151			
OG0001351						gene-T4p181					
OG0001352						gene-T4p192					
OG0001353		gene-CbK_gp164									
OG0001354	gene-g252										
OG0001355					gene-EST35_0290						
OG0001356		gene-CbK_gp248									
OG0001357					gene-EST35_0292						
OG0001358					gene-EST35_0313						
OG0001359		gene-CbK_gp247									
OG0001360						gene-T4p055					
OG0001361										gene-PPLUZ19_gp29	
OG0001362											gene-FDH45_gp178
OG0001363	gene-g234										
OG0001364					gene-EST35_0047						
OG0001365											gene-FDH45_gp115
OG0001366					gene-EST35_0006						
OG0001367						gene-T4p194					
OG0001368	gene-g053										
OG0001369					gene-EST35_0412						
OG0001370		gene-CbK_gp140									
OG0001371					gene-EST35_0263						
OG0001372								gene-PHIKZ172			
OG0001373					gene-EST35_0458						
OG0001374	gene-g020										
OG0001375					gene-EST35_0326						
OG0001376										gene-PPLUZ19_gp32	
OG0001377								gene-PHIKZ295			
OG0001378		gene-CbK_gp077									
OG0001379	gene-g367										
OG0001380						gene-T4p045					
OG0001381			gene-PBI_KAMPY_40								
OG0001382							gene-T7p08				
OG0001383	gene-g350										
OG0001384								gene-PHIKZ156			
OG0001385	gene-g033										
OG0001386								gene-PHIKZ124			
OG0001387								gene-PHIKZ110			
OG0001388										gene-PPLUZ19_gp44	
OG0001389					gene-EST35_0021						
OG0001390		gene-CbK_gp213									
OG0001391		gene-CbK_gp146									
OG0001392	gene-g177										
OG0001393									gene-CPT_phageK_gp083		
OG0001394								gene-PHIKZ152			
OG0001395								gene-PHIKZ_p23			
OG0001396	gene-g360										
OG0001397					gene-EST35_0151						
OG0001398						gene-T4p115					
OG0001399					gene-EST35_0269						
OG0001400	gene-g318										
OG0001401					gene-EST35_0233						
OG0001402					gene-EST35_0422						
OG0001403		gene-CbK_gp306									
OG0001404					gene-EST35_0219						
OG0001405											gene-FDH45_gp021
OG0001406						gene-T4p066					
OG0001407						gene-T4p056					
OG0001408							gene-T7p02				
OG0001409					gene-EST35_0121						
OG0001410						gene-T4p209					
OG0001411	gene-g147										
OG0001412								gene-PHIKZ287			
OG0001413											gene-FDH45_gp193
OG0001414		gene-CbK_gp224									
OG0001415	gene-g221										
OG0001416					gene-EST35_0199						
OG0001417								gene-PHIKZ_p48			
OG0001418						gene-T4p127					
OG0001419								gene-PHIKZ261			
OG0001420	gene-g254										
OG0001421								gene-PHIKZ189			
OG0001422						gene-T4p232					
OG0001423					gene-EST35_0282						
OG0001424	gene-g064										
OG0001425	gene-g324										
OG0001426	gene-g165										
OG0001427					gene-EST35_0253						
OG0001428								gene-PHIKZ_p15			
OG0001429		gene-CbK_gp022									
OG0001430								gene-PHIKZ297			
OG0001431					gene-EST35_0230						
OG0001432					gene-EST35_0374						
OG0001433	gene-g197										
OG0001434	gene-g239										
OG0001435		gene-CbK_gp272									
OG0001436	gene-g015										
OG0001437								gene-PHIKZ020			
OG0001438											gene-FDH45_gp191
OG0001439	gene-g009										
OG0001440								gene-PHIKZ034			
OG0001441		gene-CbK_gp099									
OG0001442	gene-g335										
OG0001443								gene-PHIKZ036			
OG0001444			gene-PBI_KAMPY_72								
OG0001445								gene-PHIKZ174			
OG0001446						gene-T4p235					
OG0001447								gene-PHIKZ280			
OG0001448		gene-CbK_gp095									
OG0001449					gene-EST35_0268						
OG0001450		gene-CbK_gp176									
OG0001451		gene-CbK_gp109									
OG0001452			gene-PBI_KAMPY_14								
OG0001453		gene-CbK_gp179									
OG0001454					gene-EST35_0297						
OG0001455								gene-PHIKZ229			
OG0001456					gene-EST35_0177						
OG0001457		gene-CbK_gp202									
OG0001458				gene-JD032_2							
OG0001459		gene-CbK_gp182									
OG0001460	gene-g039										
OG0001461						gene-T4p025					
OG0001462	gene-g207										
OG0001463								gene-PHIKZ_p65			
OG0001464					gene-EST35_0115						
OG0001465	gene-g104										
OG0001466							gene-T7p19				
OG0001467			gene-PBI_KAMPY_65								
OG0001468				gene-JD032_18							
OG0001469								gene-PHIKZ220			
OG0001470		gene-CbK_gp209									
OG0001471					gene-EST35_0349						
OG0001472	gene-g037										
OG0001473		gene-CbK_gp043									
OG0001474					gene-EST35_0097						
OG0001475	gene-g276										
OG0001476		gene-CbK_gp293									
OG0001477		gene-CbK_gp064									
OG0001478						gene-T4p053					
OG0001479	gene-g030										
OG0001480						gene-T4p222					
OG0001481	gene-g091										
OG0001482		gene-CbK_gp196									
OG0001483					gene-EST35_0236						
OG0001484								gene-PHIKZ_p91			
OG0001485		gene-CbK_gp214									
OG0001486					gene-EST35_0435						
OG0001487	gene-g289										
OG0001488					gene-EST35_0096						
OG0001489					gene-EST35_0347						
OG0001490	gene-g189										
OG0001491					gene-EST35_0169						
OG0001492		gene-CbK_gp252									
OG0001493			gene-PBI_KAMPY_46								
OG0001494									gene-CPT_phageK_gp232		
OG0001495					gene-EST35_0257						
OG0001496								gene-PHIKZ_p04			
OG0001497	gene-g129										
OG0001498				gene-JD032_7							
OG0001499								gene-PHIKZ047			
OG0001500								gene-PHIKZ_p29			
OG0001501		gene-CbK_gp216									
OG0001502		gene-CbK_gp189									
OG0001503		gene-CbK_gp173									
OG0001504								gene-PHIKZ075			
OG0001505			gene-PBI_KAMPY_37								
OG0001506					gene-EST35_0357						
OG0001507	gene-g250										
OG0001508		gene-CbK_gp256									
OG0001509								gene-PHIKZ_p25			
OG0001510								gene-PHIKZ_p16			
OG0001511						gene-T4p063					
OG0001512						gene-T4p088					
OG0001513					gene-EST35_0271						
OG0001514					gene-EST35_0376						
OG0001515					gene-EST35_0077						
OG0001516							gene-T7p04				
OG0001517	gene-g294										
OG0001518					gene-EST35_0264						
OG0001519								gene-PHIKZ029			
OG0001520	gene-g258										
OG0001521								gene-PHIKZ109			
OG0001522	gene-g084										
OG0001523								gene-PHIKZ_p02			
OG0001524								gene-PHIKZ234			
OG0001525				gene-JD032_30							
OG0001526	gene-g362										
OG0001527											gene-FDH45_gp107
OG0001528						gene-T4p080					
OG0001529					gene-EST35_0035						
OG0001530							gene-T7p39				
OG0001531					gene-EST35_0163						
OG0001532								gene-PHIKZ_p78			
OG0001533		gene-CbK_gp097									
OG0001534									gene-CPT_phageK_gp230		
OG0001535							gene-T7p53				
OG0001536	gene-g306										
OG0001537		gene-CbK_gp040									
OG0001538								gene-PHIKZ089			
OG0001539	gene-g257										
OG0001540						gene-T4p214					
OG0001541						gene-T4p067					
OG0001542								gene-PHIKZ107			
OG0001543			gene-PBI_KAMPY_26								
OG0001544					gene-EST35_0442						
OG0001545								gene-PHIKZ_p13			
OG0001546	gene-g024										
OG0001547		gene-CbK_gp055									
OG0001548						gene-T4p104					
OG0001549					gene-EST35_0401						
OG0001550								gene-PHIKZ163			
OG0001551		gene-CbK_gp066									
OG0001552		gene-CbK_gp207									
OG0001553										gene-PPLUZ19_gp0.1	
OG0001554					gene-EST35_0082						
OG0001555							gene-T7p09				
OG0001556										gene-PPLUZ19_gp10	
OG0001557	gene-g110										
OG0001558						gene-T4p046					
OG0001559	gene-g113										
OG0001560					gene-EST35_0099						
OG0001561								gene-PHIKZ_p53			
OG0001562					gene-EST35_0348						
OG0001563						gene-T4p129					
OG0001564								gene-PHIKZ271			
OG0001565									gene-CPT_phageK_gp029		
OG0001566											gene-FDH45_gp154
OG0001567		gene-CbK_gp300									
OG0001568									gene-CPT_phageK_gp080		
OG0001569		gene-CbK_gp154									
OG0001570					gene-EST35_0007						
OG0001571			gene-PBI_KAMPY_43								
OG0001572								gene-PHIKZ_p51			
OG0001573										gene-PPLUZ19_gp37	
OG0001574					gene-EST35_0031						
OG0001575					gene-EST35_0076						
OG0001576		gene-CbK_gp192									
OG0001577					gene-EST35_0094						
OG0001578	gene-g146										
OG0001579						gene-T4p069					
OG0001580		gene-CbK_gp200									
OG0001581	gene-g223										
OG0001582											gene-FDH45_gp150
OG0001583						gene-T4p221					
OG0001584					gene-EST35_0284						
OG0001585					gene-EST35_0337						
OG0001586			gene-PBI_KAMPY_73								
OG0001587	gene-g266										
OG0001588					gene-EST35_0416						
OG0001589					gene-EST35_0132						
OG0001590								gene-PHIKZ273			
OG0001591					gene-EST35_0150						
OG0001592		gene-CbK_gp243									
OG0001593								gene-PHIKZ026			
OG0001594	gene-g204										
OG0001595									gene-CPT_phageK_gp063		
OG0001596	gene-g317										
OG0001597					gene-EST35_0052						
OG0001598	gene-g273										
OG0001599		gene-CbK_gp309									
OG0001600					gene-EST35_0214						
OG0001601						gene-T4p208					
OG0001602								gene-PHIKZ039			
OG0001603	gene-g185										
OG0001604					gene-EST35_0434						
OG0001605	gene-g268										
OG0001606		gene-CbK_gp201									
OG0001607		gene-CbK_gp318									
OG0001608					gene-EST35_0145						
OG0001609			gene-PBI_KAMPY_47								
OG0001610					gene-EST35_0045						
OG0001611				gene-JD032_26							
OG0001612								gene-PHIKZ239			
OG0001613	gene-g094										
OG0001614						gene-T4p242					
OG0001615								gene-PHIKZ023			
OG0001616									gene-CPT_phageK_gp231		
OG0001617						gene-T4p116					
OG0001618	gene-g364										
OG0001619						gene-T4p213					
OG0001620							gene-T7p58				
OG0001621			gene-PBI_KAMPY_70								
OG0001622					gene-EST35_0071						
OG0001623	gene-g078										
OG0001624					gene-EST35_0225						
OG0001625			gene-PBI_KAMPY_64								
OG0001626											gene-FDH45_gp108
OG0001627								gene-PHIKZ105			
OG0001628		gene-CbK_gp089									
OG0001629								gene-PHIKZ249			
OG0001630	gene-g162										
OG0001631	gene-g330										
OG0001632		gene-CbK_gp080									
OG0001633								gene-PHIKZ092			
OG0001634		gene-CbK_gp083									
OG0001635		gene-CbK_gp205									
OG0001636		gene-CbK_gp211									
OG0001637		gene-CbK_gp239									
OG0001638						gene-T4p275					
OG0001639		gene-CbK_gp056									
OG0001640	gene-g243										
OG0001641									gene-CPT_phageK_gp076		
OG0001642	gene-g060										
OG0001643			gene-PBI_KAMPY_71								
OG0001644					gene-EST35_0025						
OG0001645								gene-PHIKZ219			
OG0001646						gene-T4p019					
OG0001647				gene-JD032_53							
OG0001648					gene-EST35_0064						
OG0001649				gene-JD032_27							
OG0001650											gene-FDH45_gp125
OG0001651		gene-CbK_gp032									
OG0001652					gene-EST35_0432						
OG0001653		gene-CbK_gp062									
OG0001654						gene-T4p043					
OG0001655								gene-PHIKZ063			
OG0001656						gene-T4p162					
OG0001657					gene-EST35_0074						
OG0001658						gene-T4p271					
OG0001659						gene-T4p272					
OG0001660					gene-EST35_0456						
OG0001661	gene-g150										
OG0001662		gene-CbK_gp091									
OG0001663								gene-PHIKZ087			
OG0001664					gene-EST35_0391						
OG0001665											gene-FDH45_gp109
OG0001666								gene-PHIKZ099			
OG0001667										gene-PPLUZ19_gp41	
OG0001668	gene-g229										
OG0001669								gene-PHIKZ198			
OG0001670								gene-PHIKZ111			
OG0001671	gene-g244										
OG0001672									gene-CPT_phageK_gp099		
OG0001673		gene-CbK_gp021									
OG0001674	gene-g019										
OG0001675								gene-PHIKZ_p06			
OG0001676									gene-CPT_phageK_gp092		
OG0001677					gene-EST35_0227						
OG0001678								gene-PHIKZ041			
OG0001679		gene-CbK_gp108									
OG0001680						gene-T4p205					
OG0001681	gene-g297										
OG0001682			gene-PBI_KAMPY_39								
OG0001683								gene-PHIKZ_p08			
OG0001684	gene-g352										
OG0001685		gene-CbK_gp312									
OG0001686	gene-g168										
OG0001687											gene-FDH45_gp147
OG0001688		gene-CbK_gp228									
OG0001689								gene-PHIKZ114			
OG0001690								gene-PHIKZ_p40			
OG0001691		gene-CbK_gp295									
OG0001692					gene-EST35_0213						
OG0001693					gene-EST35_0327						
OG0001694					gene-EST35_0385						
OG0001695								gene-PHIKZ293			
OG0001696	gene-g265										
OG0001697	gene-g327										
OG0001698								gene-PHIKZ_p54			
OG0001699								gene-PHIKZ288			
OG0001700					gene-EST35_0089						
OG0001701						gene-T4p185					
OG0001702										gene-PPLUZ19_gp12	
OG0001703					gene-EST35_0402						
OG0001704		gene-CbK_gp190									
OG0001705								gene-PHIKZ140			
OG0001706											gene-FDH45_gp074
OG0001707								gene-PHIKZ015			
OG0001708					gene-EST35_0455						
OG0001709					gene-EST35_0106						
OG0001710						gene-T4p153					
OG0001711							gene-T7p23				
OG0001712								gene-PHIKZ_p34			
OG0001713					gene-EST35_0158						
OG0001714	gene-g211										
OG0001715		gene-CbK_gp153									
OG0001716	gene-g067										
OG0001717					gene-EST35_0221						
OG0001718										gene-PPLUZ19_gp27	
OG0001719	gene-g141										
OG0001720					gene-EST35_0179						
OG0001721								gene-PHIKZ_p49			
OG0001722											gene-FDH45_gp141
OG0001723								gene-PHIKZ129			
OG0001724	gene-g260										
OG0001725	gene-g038										
OG0001726						gene-T4p029					
OG0001727					gene-EST35_0203						
OG0001728											gene-FDH45_gp113
OG0001729		gene-CbK_gp165									
OG0001730					gene-EST35_0321						
OG0001731											gene-FDH45_gp004
OG0001732								gene-PHIKZ013			
OG0001733					gene-EST35_0104						
OG0001734						gene-T4p212					
OG0001735	gene-g117										
OG0001736								gene-PHIKZ_p39			
OG0001737										gene-PPLUZ19_gp47	
OG0001738										gene-PPLUZ19_gp48	
OG0001739	gene-g345										
OG0001740								gene-PHIKZ_p26			
OG0001741									gene-CPT_phageK_gp227		
OG0001742					gene-EST35_0034						
OG0001743					gene-EST35_0022						
OG0001744			gene-PBI_KAMPY_88								
OG0001745					gene-EST35_0425						
OG0001746											gene-FDH45_gp092
OG0001747						gene-T4p109					
OG0001748		gene-CbK_gp311									
OG0001749								gene-PHIKZ187			
OG0001750									gene-CPT_phageK_gp225		
OG0001751								gene-PHIKZ006			
OG0001752		gene-CbK_gp085									
OG0001753					gene-EST35_0206						
OG0001754						gene-T4p251					
OG0001755					gene-EST35_0102						
OG0001756					gene-EST35_0364						
OG0001757						gene-T4p149					
OG0001758	gene-g328										
OG0001759									gene-CPT_phageK_gp056		
OG0001760								gene-PHIKZ_p71			
OG0001761								gene-PHIKZ120			
OG0001762								gene-PHIKZ081			
OG0001763			gene-PBI_KAMPY_6								
OG0001764			gene-PBI_KAMPY_41								
OG0001765	gene-g034										
OG0001766			gene-PBI_KAMPY_83								
OG0001767						gene-T4p254					
OG0001768								gene-PHIKZ168			
OG0001769		gene-CbK_gp161									
OG0001770	gene-g188										
OG0001771					gene-EST35_0140						
OG0001772			gene-PBI_KAMPY_55								
OG0001773		gene-CbK_gp046									
OG0001774								gene-PHIKZ231			
OG0001775								gene-PHIKZ136			
OG0001776					gene-EST35_0037						
OG0001777									gene-CPT_phageK_gp068		
OG0001778					gene-EST35_0240						
OG0001779			gene-PBI_KAMPY_52								
OG0001780									gene-CPT_phageK_gp072		
OG0001781						gene-T4p247					
OG0001782						gene-T4p036					
OG0001783										gene-PPLUZ19_gp18	
OG0001784	gene-g089										
OG0001785	gene-g008										
OG0001786								gene-PHIKZ137			
OG0001787			gene-PBI_KAMPY_34								
OG0001788			gene-PBI_KAMPY_22								
OG0001789								gene-PHIKZ196			
OG0001790					gene-EST35_0008						
OG0001791								gene-PHIKZ126			
OG0001792								gene-PHIKZ_p27			
OG0001793					gene-EST35_0189						
OG0001794						gene-T4p112					
OG0001795		gene-CbK_gp199									
OG0001796		gene-CbK_gp102									
OG0001797								gene-PHIKZ221			
OG0001798									gene-CPT_phageK_gp098		
OG0001799	gene-g290										
OG0001800			gene-PBI_KAMPY_84								
OG0001801				gene-JD032_8							
OG0001802						gene-T4p168					
OG0001803						gene-T4p098					
OG0001804	gene-g159										
OG0001805								gene-PHIKZ016			
OG0001806					gene-EST35_0024						
OG0001807	gene-g293										
OG0001808								gene-PHIKZ160			
OG0001809											gene-FDH45_gp097
OG0001810	gene-g181										
OG0001811		gene-CbK_gp220									
OG0001812					gene-EST35_0114						
OG0001813								gene-PHIKZ060			
OG0001814						gene-T4p107					
OG0001815											gene-FDH45_gp033
OG0001816	gene-g210										
OG0001817					gene-EST35_0368						
OG0001818						gene-T4p048					
OG0001819	gene-g087										
OG0001820				gene-JD032_50							
OG0001821	gene-g176										
OG0001822	gene-g342										
OG0001823											gene-FDH45_gp142
OG0001824						gene-T4p032					
OG0001825										gene-PPLUZ19_gp13	
OG0001826	gene-g135										
OG0001827		gene-CbK_gp126									
OG0001828								gene-PHIKZ223			
OG0001829						gene-T4p226					
OG0001830						gene-T4p158					
OG0001831					gene-EST35_0028						
OG0001832								gene-PHIKZ_p67			
OG0001833					gene-EST35_0170						
OG0001834	gene-g016										
OG0001835								gene-PHIKZ211			
OG0001836	gene-g047										
OG0001837					gene-EST35_0217						
OG0001838	gene-g040										
OG0001839	gene-g179										
OG0001840					gene-EST35_0265						
OG0001841						gene-T4p061					
OG0001842										gene-PPLUZ19_gp46.1	
OG0001843					gene-EST35_0261						
OG0001844	gene-g341										
OG0001845								gene-PHIKZ_p32			
OG0001846								gene-PHIKZ247			
OG0001847					gene-EST35_0445						
OG0001848	gene-g301										
OG0001849								gene-PHIKZ242			
OG0001850			gene-PBI_KAMPY_48								
OG0001851					gene-EST35_0417						
OG0001852								gene-PHIKZ_p66			
OG0001853		gene-CbK_gp257									
OG0001854	gene-g263										
OG0001855	gene-g225										
OG0001856								gene-PHIKZ_p90			
OG0001857					gene-EST35_0377						
OG0001858	gene-g161										
OG0001859		gene-CbK_gp175									
OG0001860						gene-T4p135					
OG0001861		gene-CbK_gp139									
OG0001862	gene-g137										
OG0001863		gene-CbK_gp255									
OG0001864					gene-EST35_0450						
OG0001865					gene-EST35_0085						
OG0001866		gene-CbK_gp227									
OG0001867		gene-CbK_gp226									
OG0001868	gene-g310										
OG0001869					gene-EST35_0023						
OG0001870						gene-T4p101					
OG0001871											gene-FDH45_gp149
OG0001872					gene-EST35_0260						
OG0001873						gene-T4p051					
OG0001874		gene-CbK_gp263									
OG0001875					gene-EST35_0383						
OG0001876								gene-PHIKZ_p86			
OG0001877					gene-EST35_0343						
OG0001878								gene-PHIKZ207			
OG0001879			gene-PBI_KAMPY_61								
OG0001880											gene-FDH45_gp133
OG0001881			gene-PBI_KAMPY_75								
OG0001882		gene-CbK_gp276									
OG0001883							gene-T7p37				
OG0001884					gene-EST35_0342						
OG0001885					gene-EST35_0283						
OG0001886					gene-EST35_0409						
OG0001887					gene-EST35_0317						
OG0001888		gene-CbK_gp296									
OG0001889		gene-CbK_gp270									
OG0001890					gene-EST35_0287						
OG0001891					gene-EST35_0091						
OG0001892											gene-FDH45_gp093
OG0001893					gene-EST35_0427						
OG0001894	gene-g320										
OG0001895					gene-EST35_0005						
OG0001896								gene-PHIKZ304			
OG0001897					gene-EST35_0418						
OG0001898	gene-g138										
OG0001899					gene-EST35_0123						
OG0001900		gene-CbK_gp262									
OG0001901									gene-CPT_phageK_gp219		
OG0001902								gene-PHIKZ206			
OG0001903										gene-PPLUZ19_gp14	
OG0001904		gene-CbK_gp067									
OG0001905	gene-g259										
OG0001906								gene-PHIKZ096			
OG0001907	gene-g002										
OG0001908	gene-g195										
OG0001909		gene-CbK_gp280									
OG0001910										gene-PPLUZ19_gp5	
OG0001911							gene-T7p17				
OG0001912	gene-g256										
OG0001913	gene-g029										
OG0001914						gene-T4p277					
OG0001915	gene-g058										
OG0001916	gene-g354										
OG0001917		gene-CbK_gp149									
OG0001918						gene-T4p246					
OG0001919								gene-PHIKZ210			
OG0001920		gene-CbK_gp134									
OG0001921					gene-EST35_0046						
OG0001922		gene-CbK_gp069									
OG0001923		gene-CbK_gp229									
OG0001924									gene-CPT_phageK_gp054		
OG0001925						gene-T4p126					
OG0001926					gene-EST35_0100						
OG0001927			gene-PBI_KAMPY_76								
OG0001928					gene-EST35_0444						
OG0001929						gene-T4p219					
OG0001930							gene-T7p52				
OG0001931								gene-PHIKZ_p87			
OG0001932					gene-EST35_0286						
OG0001933	gene-g163										
OG0001934	gene-g011										
OG0001935										gene-PPLUZ19_gp8	
OG0001936								gene-PHIKZ042			
OG0001937					gene-EST35_0319						
OG0001938					gene-EST35_0054						
OG0001939	gene-g022										
OG0001940				gene-JD032_35							
OG0001941						gene-T4p216					
OG0001942					gene-EST35_0055						
OG0001943				gene-JD032_44							
OG0001944								gene-PHIKZ270			
OG0001945					gene-EST35_0117						
OG0001946								gene-PHIKZ238			
OG0001947		gene-CbK_gp110									
OG0001948	gene-g065										
OG0001949	gene-g271										
OG0001950								gene-PHIKZ143			
OG0001951					gene-EST35_0222						
OG0001952						gene-T4p108					
OG0001953						gene-T4p210					
OG0001954								gene-PHIKZ142			
OG0001955		gene-CbK_gp041									
OG0001956						gene-T4p225					
OG0001957	gene-g340										
OG0001958											gene-FDH45_gp111
OG0001959		gene-CbK_gp132									
OG0001960								gene-PHIKZ_p38			
OG0001961	gene-g196										
OG0001962								gene-PHIKZ067			
OG0001963		gene-CbK_gp313									
OG0001964	gene-g303										
OG0001965										gene-PPLUZ19_gp16	
OG0001966	gene-g288										
OG0001967		gene-CbK_gp130									
OG0001968		gene-CbK_gp286									
OG0001969									gene-CPT_phageK_gp070		
OG0001970				gene-JD032_29							
OG0001971								gene-PHIKZ_p74			
OG0001972					gene-EST35_0436						
OG0001973					gene-EST35_0460						
OG0001974										gene-PPLUZ19_gp13.1	
OG0001975					gene-EST35_0278						
OG0001976								gene-PHIKZ057			
OG0001977										gene-PPLUZ19_gp20	
OG0001978								gene-PHIKZ276			
OG0001979					gene-EST35_0390						
OG0001980					gene-EST35_0237						
OG0001981						gene-T4p152					
OG0001982						gene-T4p068					
OG0001983									gene-CPT_phageK_gp074		
OG0001984								gene-PHIKZ278			
OG0001985					gene-EST35_0372						
OG0001986								gene-PHIKZ125			
OG0001987					gene-EST35_0388						
OG0001988					gene-EST35_0088						
OG0001989					gene-EST35_0433						
OG0001990					gene-EST35_0333						
OG0001991			gene-PBI_KAMPY_49								
OG0001992					gene-EST35_0164						
OG0001993			gene-PBI_KAMPY_58								
OG0001994					gene-EST35_0103						
OG0001995								gene-PHIKZ076			
OG0001996	gene-g325										
OG0001997		gene-CbK_gp059									
OG0001998					gene-EST35_0307						
OG0001999									gene-CPT_phageK_gp073		
OG0002000	gene-g109										
OG0002001						gene-T4p010					
OG0002002								gene-PHIKZ090			
OG0002003								gene-PHIKZ279			
OG0002004		gene-CbK_gp145									
OG0002005				gene-JD032_38							
OG0002006	gene-g118										
OG0002007	gene-g333										
OG0002008	gene-g101										
OG0002009					gene-EST35_0062						
OG0002010								gene-PHIKZ266			
OG0002011									gene-CPT_phageK_gp097		
OG0002012					gene-EST35_0201						
OG0002013	gene-g028										
OG0002014					gene-EST35_0173						
OG0002015		gene-CbK_gp048									
OG0002016		gene-CbK_gp121									
OG0002017						gene-T4p092					
OG0002018						gene-T4p201					
OG0002019						gene-T4p038					
OG0002020	gene-g183										
OG0002021	gene-g059										
OG0002022	gene-g063										
OG0002023		gene-CbK_gp082									
OG0002024								gene-PHIKZ058			
OG0002025								gene-PHIKZ184			
OG0002026		gene-CbK_gp090									
OG0002027	gene-g081										
OG0002028		gene-CbK_gp235									
OG0002029				gene-JD032_33							
OG0002030					gene-EST35_0250						
OG0002031								gene-PHIKZ183			
OG0002032								gene-PHIKZ285			
OG0002033		gene-CbK_gp241									
OG0002034					gene-EST35_0301						
OG0002035				gene-JD032_13							
OG0002036					gene-EST35_0279						
OG0002037								gene-PHIKZ_p63			
OG0002038						gene-T4p083					
OG0002039						gene-T4p236					
OG0002040											gene-FDH45_gp151
OG0002041					gene-EST35_0452						
OG0002042								gene-PHIKZ264			
OG0002043		gene-CbK_gp047									
OG0002044					gene-EST35_0078						
